model,domain,horizon,n,hit_rate_90,ece_90,mean_brier,mean_ece,mad,mead,mu
claude,stocks,1d,2387,0.9346,0.0346,0.000519,0.0346,0.015962,0.019257,1.2065
gemini,stocks,1d,1918,0.756,0.144,0.000494,0.144,0.015068,0.010376,0.6886
gpt4o,stocks,1d,2394,0.5501,0.3499,0.000511,0.3499,0.015535,0.006489,0.4177
claude,stocks,1w,1587,0.9256,0.0256,0.002415,0.0256,0.035534,0.039085,1.0999
gemini,stocks,1w,1139,0.7709,0.1291,0.002376,0.1291,0.034711,0.023988,0.6911
gpt4o,stocks,1w,1594,0.579,0.321,0.002463,0.321,0.035368,0.015911,0.4499
