model,domain,horizon,n,hit_rate_90,ece_90,mean_brier,mean_ece,mad,mead,mu
claude,stocks,1d,396,0.9419,0.0419,0.000545,0.0419,0.017346,0.021289,1.2273
gemini,stocks,1d,132,0.7348,0.1652,0.00034,0.1652,0.013693,0.010272,0.7502
gpt4o,stocks,1d,396,0.5025,0.3975,0.000484,0.3975,0.016,0.006494,0.4058
