model,domain,horizon,n,hit_rate_90,ece_90,mean_brier,mean_ece,mad,mead,mu
claude,stocks,1d,2587,0.937,0.037,0.000501,0.037,0.015733,0.019159,1.2178
gemini,stocks,1d,2112,0.7633,0.1367,0.00047,0.1367,0.014736,0.01039,0.7051
gpt4o,stocks,1d,2594,0.5555,0.3445,0.00049,0.3445,0.015231,0.006438,0.4227
claude,stocks,1w,1787,0.9194,0.0194,0.002473,0.0194,0.036257,0.038716,1.0678
gemini,stocks,1w,1327,0.7664,0.1336,0.002425,0.1336,0.035291,0.024077,0.6822
gpt4o,stocks,1w,1794,0.5758,0.3242,0.002492,0.3242,0.03579,0.015939,0.4454
