model,domain,horizon,n,hit_rate_90,ece_90,mean_brier,mean_ece,mad,mead,mu
claude,stocks,1d,987,0.9453,0.0453,0.000461,0.0453,0.015719,0.020291,1.2909
gemini,stocks,1d,549,0.7778,0.1222,0.000373,0.1222,0.013665,0.010211,0.7473
gpt4o,stocks,1d,994,0.5352,0.3648,0.000468,0.3648,0.015397,0.006398,0.4155
claude,stocks,1w,198,0.9798,0.0798,0.001889,0.0798,0.032256,0.041508,1.2868
gemini,stocks,1w,8,0.875,0.025,0.001077,0.025,0.027906,0.021833,0.7824
gpt4o,stocks,1w,198,0.6465,0.2535,0.001844,0.2535,0.030478,0.015939,0.523
