model,domain,horizon,n,hit_rate_90,ece_90,mean_brier,mean_ece,mad,mead,mu
claude,stocks,1d,198,0.9242,0.0242,0.000629,0.0242,0.018719,0.021389,1.1426
gemini,stocks,1d,8,0.625,0.275,0.000307,0.275,0.014041,0.009427,0.6714
gpt4o,stocks,1d,198,0.4596,0.4404,0.000597,0.4404,0.017939,0.006581,0.3669
