model,domain,horizon,n,hit_rate_90,ece_90,mean_brier,mean_ece,mad,mead,mu
claude,stocks,1d,2187,0.9355,0.0355,0.000513,0.0355,0.015909,0.019365,1.2172
gemini,stocks,1d,1727,0.7551,0.1449,0.000489,0.1449,0.015068,0.010347,0.6867
gpt4o,stocks,1d,2194,0.5456,0.3544,0.000506,0.3544,0.015563,0.006493,0.4172
claude,stocks,1w,1387,0.9293,0.0293,0.002294,0.0293,0.034527,0.03927,1.1374
gemini,stocks,1w,943,0.7794,0.1206,0.002216,0.1206,0.033498,0.023804,0.7106
gpt4o,stocks,1w,1394,0.5918,0.3082,0.002372,0.3082,0.034666,0.016002,0.4616
