model,domain,horizon,n,hit_rate_90,ece_90,mean_brier,mean_ece,mad,mead,mu
claude,stocks,1d,1587,0.9509,0.0509,0.000429,0.0509,0.01498,0.019753,1.3187
gemini,stocks,1d,1139,0.7717,0.1283,0.000383,0.1283,0.013877,0.010322,0.7438
gpt4o,stocks,1d,1594,0.5464,0.3536,0.000436,0.3536,0.014859,0.006418,0.4319
claude,stocks,1w,787,0.9517,0.0517,0.002234,0.0517,0.035011,0.04029,1.1508
gemini,stocks,1w,350,0.7629,0.1371,0.001978,0.1371,0.033506,0.023588,0.704
gpt4o,stocks,1w,794,0.5705,0.3295,0.002361,0.3295,0.035388,0.015873,0.4485
