model,domain,horizon,n,hit_rate_90,ece_90,mean_brier,mean_ece,mad,mead,mu
claude,stocks,1d,1387,0.9445,0.0445,0.000464,0.0445,0.015619,0.019862,1.2716
gemini,stocks,1d,943,0.7455,0.1545,0.000425,0.1545,0.014687,0.010224,0.6961
gpt4o,stocks,1d,1394,0.5308,0.3692,0.000473,0.3692,0.015546,0.006464,0.4158
claude,stocks,1w,587,0.9455,0.0455,0.002343,0.0455,0.035464,0.04083,1.1513
gemini,stocks,1w,159,0.7484,0.1516,0.001856,0.1516,0.032594,0.023517,0.7215
gpt4o,stocks,1w,594,0.5657,0.3343,0.002462,0.3343,0.035769,0.015748,0.4403
