model,domain,horizon,n,hit_rate_90,ece_90,mean_brier,mean_ece,mad,mead,mu
claude,stocks,1d,1187,0.9469,0.0469,0.00045,0.0469,0.015371,0.020095,1.3074
gemini,stocks,1d,750,0.772,0.128,0.00038,0.128,0.013724,0.010187,0.7423
gpt4o,stocks,1d,1194,0.5436,0.3564,0.000456,0.3564,0.015127,0.006427,0.4249
claude,stocks,1w,396,0.9646,0.0646,0.002121,0.0646,0.033267,0.041417,1.245
gemini,stocks,1w,132,0.7955,0.1045,0.001726,0.1045,0.030964,0.023804,0.7688
gpt4o,stocks,1w,396,0.6187,0.2813,0.002066,0.2813,0.032344,0.015935,0.4927
