model,domain,horizon,n,hit_rate_90,ece_90,mean_brier,mean_ece,mad,mead,mu
claude,stocks,1d,1787,0.948,0.048,0.000435,0.048,0.01522,0.019588,1.287
gemini,stocks,1d,1327,0.7664,0.1336,0.000386,0.1336,0.014078,0.010361,0.736
gpt4o,stocks,1d,1794,0.5452,0.3548,0.000435,0.3548,0.014941,0.006442,0.4312
claude,stocks,1w,987,0.9473,0.0473,0.002202,0.0473,0.034668,0.039953,1.1525
gemini,stocks,1w,550,0.7691,0.1309,0.002024,0.1309,0.033337,0.023804,0.714
gpt4o,stocks,1w,994,0.5744,0.3256,0.002327,0.3256,0.035077,0.015897,0.4532
