model,domain,horizon,n,hit_rate_90,ece_90,mean_brier,mean_ece,mad,mead,mu
claude,stocks,1d,396,0.9369,0.0369,0.000564,0.0369,0.017686,0.021289,1.2037
gemini,stocks,1d,132,0.7197,0.1803,0.000372,0.1803,0.014261,0.010272,0.7203
gpt4o,stocks,1d,396,0.5051,0.3949,0.000502,0.3949,0.01629,0.006494,0.3986
