model,domain,horizon,n,hit_rate_90,ece_90,mean_brier,mean_ece,mad,mead,mu
claude,stocks,1d,1987,0.9477,0.0477,0.000438,0.0477,0.015227,0.019472,1.2787
gemini,stocks,1d,1527,0.7714,0.1286,0.000394,0.1286,0.01416,0.010383,0.7332
gpt4o,stocks,1d,1994,0.5491,0.3509,0.000436,0.3509,0.014922,0.006474,0.4339
claude,stocks,1w,1187,0.9385,0.0385,0.002221,0.0385,0.034494,0.039644,1.1493
gemini,stocks,1w,750,0.7747,0.1253,0.002086,0.1253,0.033315,0.023768,0.7134
gpt4o,stocks,1w,1194,0.5838,0.3162,0.002321,0.3162,0.034755,0.015927,0.4583
