model,domain,horizon,n,hit_rate_90,ece_90,mean_brier,mean_ece,mad,mead,mu
claude,stocks,1d,787,0.9454,0.0454,0.000465,0.0454,0.015833,0.020545,1.2976
gemini,stocks,1d,350,0.7886,0.1114,0.000345,0.1114,0.013144,0.010108,0.769
gpt4o,stocks,1d,794,0.5277,0.3723,0.000479,0.3723,0.015552,0.006376,0.41
