model,domain,horizon,n,hit_rate_90,ece_90,mean_brier,mean_ece,mad,mead,mu
claude,stocks,1d,587,0.9404,0.0404,0.000522,0.0404,0.017063,0.02097,1.229
gemini,stocks,1d,159,0.7044,0.1956,0.000402,0.1956,0.014644,0.010071,0.6877
gpt4o,stocks,1d,594,0.4899,0.4101,0.000534,0.4101,0.016659,0.006356,0.3816
