model,n_predictions,hit_rate_50,ece_50,hit_rate_80,ece_80,hit_rate_90,ece_90,mean_brier_score,mean_ece
claude,100,0.3,0.2,0.58,0.22,0.73,0.17,0.000401,0.1967
gemini,100,0.29,0.21,0.58,0.22,0.65,0.25,0.00039,0.2267
gpt4,100,0.2,0.3,0.31,0.49,0.38,0.52,0.000451,0.4367
